Flair,Med. Score,Avg. Score,Med. Comments,Avg. Comments
Political,55.0,196.84489795918367,12.0,45.93061224489796
Non-Political,4.0,62.042814470627285,1.0,12.169432459342847
[R]eddiquette,11.0,69.88095238095238,2.0,31.25595238095238
AskIndia,4.0,12.326171513243192,5.0,12.266530839044268
Science/Technology,1.0,20.961505560307955,0.0,5.196749358426005
Policy/Economy,9.0,38.77759336099585,1.0,8.258921161825727
Finance/Business,54.0,78.49019607843137,26.0,51.27450980392157
Sports,1.0,48.334883720930236,0.0,5.013953488372093
Food,1.0,48.60327868852459,0.0,12.134426229508197
Photography,1.0,68.66469428007889,0.0,5.994082840236686
AMA,18.0,39.693548387096776,17.0,126.31451612903226
