Hour,Percentage
0-4,22.857142857142858
4-8,15.10204081632653
8-12,6.530612244897959
12-16,5.3061224489795915
16-20,22.857142857142858
20-24,27.346938775510203
