Hour,Percentage
0-4,14.516129032258064
4-8,14.516129032258064
8-12,6.451612903225806
12-16,4.032258064516129
16-20,46.774193548387096
20-24,13.709677419354838
