Hour,Percentage
0-4,25.49019607843137
4-8,19.607843137254903
8-12,5.882352941176471
12-16,7.8431372549019605
16-20,23.529411764705884
20-24,17.647058823529413
